{
  "anchor_switch_count": 0,
  "anchor_switch_frames": [],
  "anchor_switch_frequency": 0.0,
  "appearance_images_missing": 0,
  "calibration_preflight": {
    "camera_count": 7,
    "finite_camera_center_count": 7,
    "finite_fundamental_matrix_count": 21,
    "pair_count": 21
  },
  "camera_count": 7,
  "cluster_camera_support": {
    "count": 8410,
    "max": 5.0,
    "mean": 1.6043995243757432,
    "p50": 1.0,
    "p95": 4.0
  },
  "cluster_count": 8410,
  "created_at": "2026-07-02T10:54:00.168294+00:00",
  "cycle_consistency_rate": 1.0,
  "degenerate_pair_count": 7,
  "degenerate_pair_usage_count": 1864,
  "degenerate_pair_usage_rate": 0.22998149290561382,
  "degenerate_pairs": [
    [
      "cam_01",
      "cam_04"
    ],
    [
      "cam_02",
      "cam_03"
    ],
    [
      "cam_02",
      "cam_05"
    ],
    [
      "cam_02",
      "cam_06"
    ],
    [
      "cam_03",
      "cam_05"
    ],
    [
      "cam_03",
      "cam_06"
    ],
    [
      "cam_05",
      "cam_06"
    ]
  ],
  "delivery_id": "CCPL080626M1_1_14_1",
  "expected_frames": 600,
  "facing_camera_pairs": [
    [
      "cam_01",
      "cam_04"
    ],
    [
      "cam_02",
      "cam_06"
    ],
    [
      "cam_03",
      "cam_05"
    ]
  ],
  "frames_per_camera": {
    "cam_01": 600,
    "cam_02": 600,
    "cam_03": 600,
    "cam_04": 600,
    "cam_05": 600,
    "cam_06": 600,
    "cam_07": 600
  },
  "frames_processed": 600,
  "ground_spread_m": {
    "count": 2774,
    "max": 3.498543862320495,
    "mean": 1.6966037558413165,
    "p50": 1.7492709473336565,
    "p95": 2.7449381642126998
  },
  "match_id": "CCPL080626",
  "matched_camera_pair_count": 8105,
  "reprojection_error_px": {
    "count": 2774,
    "max": 58.36274625384355,
    "mean": 5.043001276819584,
    "p50": 2.7161472601553327,
    "p95": 18.024727570310592
  },
  "schema_version": "association_metrics/v1",
  "single_camera_cluster_count": 5636,
  "single_camera_rate": 0.6701545778834721,
  "status": "pass",
  "track_confidence": {
    "count": 8410,
    "max": 0.89464616534506,
    "mean": 0.49325352177522225,
    "p50": 0.45,
    "p95": 0.8303080012677742
  }
}
