{
    "cam_locations": {
        "C01": [
            -67.02409039554789,
            25.65529697687799,
            4.966312394874538
        ],
        "C07": [
            72.5907740996886,
            -3.6908237065377607,
            5.874270820407859
        ],
        "C08": [
            71.71536440334381,
            -25.070141480344567,
            5.814762463248367
        ]
    },
    "projection_matrices": {
        "C01": [
            [
                -9729.118780356224,
                -26218.215846911033,
                408.81505037182075,
                18520.473900899924
            ],
            [
                -1059.7825447229825,
                -160.35743558330196,
                -27911.839613928365,
                71701.97159360618
            ],
            [
                0.9052998334156299,
                -0.416003647272799,
                -0.08586720604143006,
                71.77603835384848
            ]
        ],
        "C07": [
            [
                -2491.709569925813,
                27856.07992742968,
                -218.90335469458486,
                284972.90426885645
            ],
            [
                1058.3033729762628,
                -13.241888951353348,
                -27912.353229457945,
                87092.78755040208
            ],
            [
                -0.9956698707268077,
                -0.01568697063804053,
                -0.09162656535668673,
                72.7567880799302
            ]
        ],
        "C08": [
            [
                5406.388138543541,
                27415.32179777441,
                -1178.4830091257247,
                306437.4995028534
            ],
            [
                614.3148190444704,
                -1207.2123186183514,
                -27899.55017386097,
                87908.46236175585
            ],
            [
                -0.9614207633377543,
                0.26116852217215847,
                -0.08637776825931914,
                75.99843839331
            ]
        ]
    },
    "rotation_matrices": {
        "C01": [
            [
                -0.41580749415233587,
                -0.9092099059031906,
                0.021011302060240045
            ],
            [
                -0.08681209261610895,
                0.016682699518968724,
                -0.9960850104847336
            ],
            [
                0.9052998334156299,
                -0.416003647272799,
                -0.08586720604143006
            ]
        ],
        "C07": [
            [
                -0.0156549781519546,
                0.9998768830311681,
                -0.0010679133567549348
            ],
            [
                0.0916320368971667,
                0.00037112272492967335,
                -0.9957928660529756
            ],
            [
                -0.9956698707268077,
                -0.01568697063804053,
                -0.09162656535668673
            ]
        ],
        "C08": [
            [
                0.2649788206217215,
                0.9635872016401223,
                -0.03585985857863144
            ],
            [
                0.07386704573063246,
                -0.05736469176914266,
                -0.9956168699320336
            ],
            [
                -0.9614207633377543,
                0.26116852217215847,
                -0.08637776825931914
            ]
        ]
    },
    "rotation_vectors": {
        "C01": [
            [
                -1.6781083093935574
            ],
            [
                2.558144471582938
            ],
            [
                -2.3791017805892323
            ]
        ],
        "C07": [
            [
                1.2693235869432378
            ],
            [
                1.288097265831917
            ],
            [
                -1.176257189463644
            ]
        ],
        "C08": [
            [
                1.4170530254127194
            ],
            [
                1.0435901694375478
            ],
            [
                -1.0031789409895495
            ]
        ]
    },
    "translation_vectors": {
        "C01": [
            [
                -4.647417614800991
            ],
            [
                -1.2996318195448442
            ],
            [
                71.77603835384848
            ]
        ],
        "C07": [
            [
                4.833049498344911
            ],
            [
                -0.8007137659200639
            ],
            [
                72.7567880799302
            ]
        ],
        "C08": [
            [
                5.362731353312561
            ],
            [
                -0.9462674375419158
            ],
            [
                75.99843839331
            ]
        ]
    }
}