{
  "anchor_switch_count": 0,
  "anchor_switch_frames": [],
  "anchor_switch_frequency": 0.0,
  "appearance_images_missing": 0,
  "calibration_preflight": {
    "camera_count": 7,
    "finite_camera_center_count": 7,
    "finite_fundamental_matrix_count": 21,
    "pair_count": 21
  },
  "camera_count": 7,
  "cluster_camera_support": {
    "count": 8515,
    "max": 5.0,
    "mean": 1.5846153846153845,
    "p50": 1.0,
    "p95": 4.0
  },
  "cluster_count": 8515,
  "created_at": "2026-07-02T10:37:50.180039+00:00",
  "cycle_consistency_rate": 1.0,
  "degenerate_pair_count": 7,
  "degenerate_pair_usage_count": 1787,
  "degenerate_pair_usage_rate": 0.22663284717818644,
  "degenerate_pairs": [
    [
      "cam_01",
      "cam_04"
    ],
    [
      "cam_02",
      "cam_03"
    ],
    [
      "cam_02",
      "cam_05"
    ],
    [
      "cam_02",
      "cam_06"
    ],
    [
      "cam_03",
      "cam_05"
    ],
    [
      "cam_03",
      "cam_06"
    ],
    [
      "cam_05",
      "cam_06"
    ]
  ],
  "delivery_id": "CCPL080626M1_1_14_1",
  "expected_frames": 600,
  "facing_camera_pairs": [
    [
      "cam_01",
      "cam_04"
    ],
    [
      "cam_02",
      "cam_06"
    ],
    [
      "cam_03",
      "cam_05"
    ]
  ],
  "frames_per_camera": {
    "cam_01": 600,
    "cam_02": 600,
    "cam_03": 600,
    "cam_04": 600,
    "cam_05": 600,
    "cam_06": 600,
    "cam_07": 600
  },
  "frames_processed": 600,
  "ground_spread_m": {
    "count": 2765,
    "max": 2.7484850641384355,
    "mean": 1.6263236738648137,
    "p50": 1.6977655890045988,
    "p95": 2.4587444944006354
  },
  "match_id": "CCPL080626",
  "matched_camera_pair_count": 7885,
  "reprojection_error_px": {
    "count": 2765,
    "max": 50.6579078439695,
    "mean": 4.356980470114863,
    "p50": 2.678026367171384,
    "p95": 16.950714396635984
  },
  "schema_version": "association_metrics/v1",
  "single_camera_cluster_count": 5750,
  "single_camera_rate": 0.6752789195537288,
  "status": "pass",
  "track_confidence": {
    "count": 8515,
    "max": 0.8745731596570052,
    "mean": 0.47972776446345283,
    "p50": 0.45,
    "p95": 0.7991891105745952
  }
}
