{
  "anchor_switch_count": 0,
  "anchor_switch_frames": [],
  "anchor_switch_frequency": 0.0,
  "appearance_images_missing": 0,
  "calibration_preflight": {
    "camera_count": 7,
    "finite_camera_center_count": 7,
    "finite_fundamental_matrix_count": 21,
    "pair_count": 21
  },
  "camera_count": 7,
  "cluster_camera_support": {
    "count": 8504,
    "max": 5.0,
    "mean": 1.586665098777046,
    "p50": 1.0,
    "p95": 4.0
  },
  "cluster_count": 8504,
  "created_at": "2026-07-02T10:46:23.447226+00:00",
  "cycle_consistency_rate": 1.0,
  "degenerate_pair_count": 0,
  "degenerate_pair_usage_count": 0,
  "degenerate_pair_usage_rate": 0.0,
  "degenerate_pairs": [],
  "delivery_id": "CCPL080626M1_1_14_1",
  "expected_frames": 600,
  "facing_camera_pairs": [
    [
      "cam_01",
      "cam_04"
    ],
    [
      "cam_02",
      "cam_06"
    ],
    [
      "cam_03",
      "cam_05"
    ]
  ],
  "frames_per_camera": {
    "cam_01": 600,
    "cam_02": 600,
    "cam_03": 600,
    "cam_04": 600,
    "cam_05": 600,
    "cam_06": 600,
    "cam_07": 600
  },
  "frames_processed": 600,
  "ground_spread_m": {
    "count": 2754,
    "max": 2.7484850641384355,
    "mean": 1.633368996574023,
    "p50": 1.7130856214943146,
    "p95": 2.460320990509063
  },
  "match_id": "CCPL080626",
  "matched_camera_pair_count": 7923,
  "reprojection_error_px": {
    "count": 2754,
    "max": 50.6579078439695,
    "mean": 4.352511817133711,
    "p50": 2.67127903620953,
    "p95": 16.83426663690611
  },
  "schema_version": "association_metrics/v1",
  "single_camera_cluster_count": 5750,
  "single_camera_rate": 0.6761523988711194,
  "status": "pass",
  "track_confidence": {
    "count": 8504,
    "max": 0.8931860286209855,
    "mean": 0.48120758676996067,
    "p50": 0.45,
    "p95": 0.8006006895681317
  }
}
